R,S,Y,T,F,0
P,F,V,S,A,1
N,G,Y,S,Y,0
E,L,E,A,N,0
Y,W,M,G,G,0
A,L,A,F,R,0
A,V,L,N,N,1
T,A,M,S,F,1
D,G,N,P,H,0
P,Q,L,S,K,1
A,L,L,G,T,1
G,S,E,D,Y,0
Y,G,C,C,N,0
P,V,D,Y,R,0
E,L,I,R,F,0
D,I,L,E,Y,0
T,S,M,G,A,1
P,R,L,C,T,1
P,H,V,S,A,1
A,I,R,Q,K,0
Y,V,K,H,G,0
R,Y,Q,G,V,0
C,E,K,W,K,0
A,N,V,S,K,1
T,I,V,S,K,1
G,N,L,L,N,0
Y,K,Q,F,A,0
L,Y,Q,A,Y,0
V,S,P,F,I,0
K,S,L,Y,D,0
V,R,L,S,T,1
T,A,M,G,T,1
W,F,L,T,V,0
S,S,L,S,I,1
I,K,L,S,K,1
H,A,E,L,N,0
I,S,L,G,T,1
E,F,E,W,Y,0
K,I,L,R,M,0
S,F,V,S,V,1
P,H,L,S,A,1
L,L,D,V,L,0
V,D,V,Q,W,0
I,L,G,Y,N,0
S,I,L,S,V,1
S,L,S,E,H,0
P,S,V,V,V,1
T,L,L,L,Q,0
T,S,M,S,F,1
G,R,C,F,K,0
L,L,D,R,S,0
S,R,L,A,G,1
L,F,I,K,Y,0
V,I,M,S,G,1
S,V,L,S,G,1
V,M,R,L,G,0
P,M,L,S,A,1
S,N,V,S,D,1
A,L,T,S,K,1
L,Y,E,V,I,0
N,G,I,C,V,0
V,K,L,S,S,1
I,C,S,P,S,0
I,Y,G,Y,N,0
P,Q,L,A,K,1
S,T,P,L,Y,0
S,T,L,L,G,1
V,L,F,V,V,0
L,A,I,K,K,0
V,S,L,S,S,1
D,A,I,F,M,0
T,R,V,C,S,1
A,M,K,R,A,0
T,Q,F,S,K,1
L,D,V,K,Y,0
W,R,N,T,F,0
P,K,L,S,E,1
P,S,V,S,A,1
V,K,L,A,G,1
A,S,L,N,N,1
A,A,L,A,E,1
Y,T,S,P,G,0
I,Y,L,T,S,0
I,V,A,E,Q,0
A,I,L,S,V,1
G,T,L,N,N,1
T,I,L,A,A,1
V,I,L,G,T,1
L,I,Q,T,S,0
E,V,A,K,V,0
G,V,T,Q,E,0
P,S,V,A,A,1
I,V,P,Q,I,0
T,R,L,A,G,1
P,N,L,R,I,0
S,L,R,P,K,0
S,R,L,T,G,1
T,A,C,K,A,0
V,M,R,R,E,0
Q,F,N,K,I,0
G,R,L,A,G,1
V,K,V,G,L,1
L,C,L,Q,T,0
T,V,E,L,L,0
S,R,V,G,L,1
S,F,V,I,P,0
V,K,L,N,N,1
K,E,L,T,D,0
E,P,P,V,E,0
T,E,W,D,V,0
T,K,I,G,L,1
T,A,L,A,A,1
D,T,V,V,D,0
T,I,L,S,V,1
F,R,T,Y,S,0
V,Y,V,A,H,0
H,D,S,T,W,0
V,V,E,S,Q,0
M,P,L,D,G,0
C,D,S,H,A,0
I,L,K,V,D,0
T,E,I,P,T,0
I,R,Q,K,P,0
S,V,L,S,I,1
V,V,L,S,R,1
F,T,E,P,F,0
T,V,P,S,K,1
S,T,I,S,N,1
K,I,E,K,T,0
T,A,I,S,F,1
G,V,L,S,G,1
T,L,I,Q,T,0
P,F,V,T,A,1
P,A,I,A,D,1
Y,K,L,S,Q,1
P,F,V,S,V,1
R,A,L,S,L,1
A,G,N,P,L,0
Q,D,Y,Q,A,0
I,G,G,R,T,0
T,T,L,A,V,1
K,H,W,G,F,0
K,Q,S,G,K,0
V,V,V,Q,E,0
V,N,L,S,G,1
P,I,V,R,A,0
Q,N,V,P,D,0
P,S,A,S,A,1
A,K,L,N,N,1
L,K,V,D,T,0
P,N,V,S,D,1
K,A,L,S,L,1
C,A,P,L,Q,0
T,I,L,N,N,1
P,A,G,V,V,0
T,T,L,S,C,1
F,Y,P,I,G,0
A,C,I,P,V,0
R,D,T,G,G,0
S,Q,L,S,A,1
V,Q,E,L,A,0
H,K,Q,F,D,0
A,I,L,N,N,1
T,K,V,C,S,1
V,V,M,S,S,1
G,A,S,K,T,0
A,I,L,A,I,1
T,S,V,S,A,1
V,T,M,N,N,1
P,T,T,K,V,0
F,C,Q,L,K,0
I,Y,L,P,L,0
S,T,L,S,G,1
T,K,L,N,N,1
K,F,V,A,N,0
I,N,L,S,G,1
R,C,I,G,C,0
A,V,L,T,G,0
S,T,V,S,K,1
A,D,L,V,V,0
A,N,M,S,T,1
A,V,L,S,A,1
E,K,S,E,V,0
K,G,F,K,C,0
V,A,L,S,T,1
V,S,R,R,L,0
T,I,L,G,T,1
P,R,L,A,S,1
T,T,Q,A,P,0
I,A,D,V,L,0
I,N,L,A,K,1
V,L,F,I,V,0
E,L,F,E,Y,0
V,T,Q,E,F,0
A,N,E,M,R,0
H,K,Q,F,A,0
A,L,G,E,F,0
S,V,F,P,I,0
L,Y,E,L,T,0
F,K,Q,I,V,0
E,P,P,A,V,0
S,Q,F,S,R,1
S,A,L,S,I,1
P,G,E,V,N,0
P,K,M,S,E,1
P,S,V,A,V,1
T,I,L,A,T,1
P,S,I,S,D,1
N,V,T,Q,E,0
N,L,A,Y,F,0
G,D,F,S,F,0
K,E,P,V,V,0
A,L,Y,N,L,0
A,L,L,D,P,0
S,V,L,S,T,1
C,V,L,S,G,1
L,N,T,G,R,0
A,V,M,S,V,1
A,A,L,N,N,1
Q,L,K,S,Q,0
R,Y,L,R,T,0
R,T,L,S,C,1
K,E,S,S,K,0
A,T,V,G,T,1
T,S,M,G,T,1
D,D,G,N,Y,0
K,V,R,T,I,0
P,R,L,A,V,1
R,T,E,N,R,0
T,S,I,G,T,1
P,S,F,S,D,1
G,I,V,E,K,0
P,S,V,S,Y,1
S,Q,I,S,K,1
S,L,L,D,P,0
V,N,L,A,G,1
V,S,L,F,F,0
V,V,L,S,I,1
V,T,F,S,A,1
S,V,V,E,F,0
I,L,D,T,L,0
A,A,M,S,K,1
T,A,L,N,N,1
E,I,A,D,C,0
P,N,L,G,L,1
V,K,L,S,K,1
I,R,L,A,G,1
E,A,E,P,K,0
L,D,N,D,I,0
G,L,I,T,M,0
T,K,F,G,L,1
P,S,F,I,E,0
T,V,L,A,L,1
P,P,T,A,H,0
L,W,P,V,A,0
F,S,V,S,A,1
A,A,V,S,K,1
L,K,R,V,K,0
T,S,M,G,V,1
V,V,L,F,K,1
T,S,M,S,A,1
A,L,P,S,K,1
P,T,T,K,A,0
A,V,L,S,V,1
L,N,A,T,V,0
A,W,A,V,L,0
V,D,I,Q,W,0
V,K,S,A,G,1
S,F,L,S,G,1
L,S,P,L,I,0
I,K,F,G,V,0
T,V,L,L,V,1
G,K,K,A,G,0
D,S,S,G,S,0
K,A,A,V,P,0
D,T,A,L,V,0
S,K,L,S,D,1
A,S,S,N,Q,0
I,A,L,N,N,1
T,I,T,M,D,0
G,V,D,V,H,0
S,S,V,S,K,1
K,L,Y,D,L,0
G,A,K,V,F,0
G,A,Y,V,V,0
V,S,L,G,T,1
S,R,L,A,V,1
V,N,L,A,K,1
L,P,L,A,A,1
P,L,V,S,D,1
A,T,L,S,K,1
A,V,L,A,T,1
T,L,S,K,W,0
S,K,L,C,V,1
Q,L,C,H,L,0
L,C,S,H,T,0
P,E,N,L,G,0
K,L,F,P,A,0
T,V,L,N,N,1
A,N,L,G,T,1
A,V,L,A,E,1
L,C,Q,E,P,0
T,V,M,N,N,1
V,K,Q,I,T,0
D,L,S,N,M,0
T,N,L,S,L,1
V,N,L,C,G,1
F,S,V,S,D,1
A,L,S,V,V,0
T,D,L,S,E,1
V,T,L,N,N,1
P,R,L,A,I,1
P,S,I,S,A,1
V,A,L,N,N,1
K,S,N,W,G,0
T,T,V,E,I,0
N,F,I,G,V,0
T,V,L,A,S,1
I,Y,M,L,I,0
D,T,A,S,V,0
P,S,I,S,V,1
V,C,E,T,R,0
P,S,V,S,G,1
R,E,M,V,V,0
A,R,V,T,E,0
I,G,K,K,R,0
V,V,M,S,G,1
P,L,P,K,V,0
I,V,L,S,V,1
S,T,L,A,G,1
P,S,V,L,A,1
V,N,L,G,G,1
L,E,E,D,K,0
A,T,V,A,K,1
F,R,Q,K,P,0
T,S,M,G,S,1
V,L,L,S,K,1
N,L,W,T,L,0
V,G,L,A,K,1
S,Q,I,S,R,1
S,V,L,A,V,1
L,R,L,A,A,1
P,S,L,S,V,1
A,T,V,S,K,1
V,T,F,S,V,1
D,I,F,P,N,0
P,K,L,S,S,1
S,F,V,A,A,1
A,V,M,N,N,1
Y,Y,A,Y,L,0
A,T,L,A,E,1
S,T,L,A,E,1
A,T,L,A,I,1
K,C,E,M,S,0
V,E,A,E,Q,0
C,N,T,S,A,0
C,Y,T,A,S,0
L,M,P,G,I,0
Y,T,K,G,Y,0
S,V,K,F,E,0
A,S,L,G,T,1
T,Q,L,S,L,1
A,F,C,D,I,0
T,A,L,S,I,1
W,F,P,D,D,0
R,K,G,P,W,0
G,N,E,V,C,0
P,R,L,A,A,1
P,R,F,A,S,1
V,Q,F,H,D,0
H,T,A,A,E,0
A,T,L,S,V,1
A,D,L,S,E,1
C,K,A,V,S,0
V,R,L,A,G,1
T,R,L,S,L,1
V,K,L,S,L,1
H,C,F,L,F,0
V,A,V,S,K,1
T,T,V,S,K,1
L,I,L,T,A,0
N,A,L,S,L,1
D,L,P,R,I,0
P,M,M,A,G,1
Q,F,G,V,F,0
A,A,L,A,G,1
G,D,D,V,K,0
S,G,D,W,S,0
A,G,K,F,K,0
T,I,P,S,K,1
T,R,V,C,T,1
V,R,L,F,S,1
T,N,V,S,D,1
T,N,L,G,T,1
V,M,R,R,S,0
P,S,V,S,D,1
V,T,F,G,K,1
V,N,L,V,G,1
S,F,F,I,V,0
V,V,L,N,N,1
T,T,F,S,K,1
I,N,Y,Y,V,0
L,L,V,N,G,0
T,A,C,W,S,0
V,Q,T,D,D,0
I,G,L,S,K,1
T,L,P,S,K,1
P,Q,L,S,A,1
L,A,S,I,I,0
Y,G,N,N,T,0
P,Q,L,S,S,1
P,S,V,S,E,1
T,V,L,S,A,1
S,D,L,A,Q,1
W,F,I,T,I,0
H,E,T,E,V,0
Q,P,L,S,I,1
S,S,V,S,V,1
T,K,L,S,L,1
P,S,V,L,V,1
P,F,V,S,T,1
T,M,L,G,I,0
D,I,A,D,C,0
F,F,L,G,V,0
T,S,L,G,T,1
H,G,P,Q,T,0
S,K,H,W,N,0
P,Q,L,S,V,1
E,E,T,K,P,0
F,V,N,T,A,0
T,M,L,S,L,1
V,G,L,G,K,1
E,D,C,S,P,0
S,K,L,C,T,1
S,L,T,S,K,1
S,I,E,I,Y,0
V,L,G,S,S,0
T,S,M,S,S,1
S,V,L,A,T,1
S,T,L,S,V,1
P,S,V,S,N,1
T,V,L,A,A,1
Q,I,T,N,H,0
D,Y,D,H,K,0
S,S,V,S,A,1
C,A,L,V,V,0
D,Y,L,A,C,0
G,M,L,S,G,1
R,N,L,S,G,0
P,K,L,A,S,1
P,K,M,A,D,1
A,V,L,S,G,1
V,V,L,S,K,1
H,M,T,T,E,0
A,V,K,L,P,0
P,S,V,S,V,1
D,C,E,E,D,0
A,V,L,G,T,1
T,T,L,S,W,1
E,V,V,E,E,0
A,I,L,G,T,1
S,S,I,S,D,1
F,S,F,T,V,0
I,F,N,V,G,0
P,A,V,S,V,1
S,K,I,V,A,0
S,T,V,S,N,1
T,V,L,A,V,1
T,K,Q,V,K,0
A,A,I,S,K,1
V,Y,L,N,N,1
A,I,V,S,K,1
I,N,L,A,R,1
G,F,C,Q,L,0
T,T,L,S,L,1
A,A,F,N,N,1
R,I,L,K,A,0
S,L,V,S,D,1
Y,L,H,L,E,0
A,S,V,S,K,1
P,A,V,S,D,1
N,F,I,L,E,0
N,K,P,L,S,0
S,K,L,K,T,0
V,R,L,S,P,1
S,Q,F,S,K,1
P,Q,L,S,T,1
C,T,M,C,C,0
V,P,Q,I,I,0
V,T,V,S,K,1
R,H,G,P,D,0
Q,L,R,V,R,0
I,L,I,G,T,0
I,G,L,A,K,1
P,M,M,S,S,1
L,P,F,I,G,0
V,I,D,G,V,0
E,S,R,C,F,0
V,N,L,G,L,1
S,T,I,S,K,1
E,R,G,T,C,0
V,R,L,S,S,1
A,K,L,S,L,1
L,A,A,S,T,0
P,R,L,A,T,1
F,H,T,K,L,0
S,L,G,F,G,0
T,V,L,S,V,1
S,S,V,S,D,1
V,D,A,E,H,0
M,S,L,D,G,0
I,P,E,L,S,0
T,K,V,G,L,1
G,P,Q,Q,L,0
V,K,L,G,K,1
S,R,L,S,G,1
A,T,L,S,E,1
T,T,I,S,V,1
S,I,L,G,T,1
P,V,L,S,V,1
P,K,M,A,T,1
D,V,Q,W,G,0
E,E,S,E,L,0
A,C,V,G,V,0
I,P,D,D,S,0
P,L,M,S,A,1
S,L,N,G,V,0
T,C,R,K,T,0
A,L,R,K,F,0
D,I,R,L,L,0
S,A,N,M,L,0
A,K,P,R,V,0
P,I,L,L,K,0
I,S,T,L,F,0
R,T,V,S,H,0
V,N,F,K,V,0
N,D,N,A,I,0
I,R,D,G,S,0
G,C,L,A,S,0
R,D,G,P,C,0
T,L,Q,G,A,0
Q,G,R,I,L,0
K,S,Y,E,A,0
T,H,G,L,D,0
S,K,F,L,K,0
T,V,E,A,S,0
L,H,T,V,V,0
E,L,A,V,L,0
K,G,E,V,Y,0
P,A,L,D,A,0
E,S,L,V,L,0
A,S,K,S,Y,0
G,N,V,V,D,0
W,F,L,F,F,0
N,G,A,V,H,0
L,Q,I,T,V,0
L,S,E,L,R,0
Q,Q,A,Q,E,0
N,P,I,L,S,0
V,S,V,N,V,0
R,R,Q,T,S,0
C,T,V,G,P,0
G,S,L,P,G,0
R,V,S,E,H,0
N,T,T,D,T,0
N,V,F,G,I,0
W,C,R,L,L,0
V,G,L,T,E,0
P,K,Q,K,M,0
N,Q,Q,L,K,0
T,F,L,R,Y,0
I,V,R,S,L,0
S,D,L,D,L,0
I,E,F,L,D,0
K,V,T,I,A,0
Y,E,P,T,L,0
I,G,S,I,L,0
P,R,S,M,E,0
T,T,R,V,V,0
M,N,S,G,L,0
Y,E,P,T,P,0
Y,Y,T,G,R,0
A,L,D,A,I,0
V,L,P,L,E,0
I,P,L,L,T,0
S,K,E,I,P,0
A,Y,S,M,R,0
E,E,Y,K,V,0
G,L,K,A,D,0
Y,D,R,L,Y,0
Y,V,C,C,G,0
D,I,V,E,A,0
E,D,K,T,H,0
Y,N,S,N,A,0
P,L,I,N,V,0
A,N,Y,K,V,0
L,C,Q,N,L,0
R,D,L,R,R,0
S,A,Y,V,L,0
N,L,K,T,F,0
K,L,A,L,L,0
N,E,E,A,V,0
S,D,F,H,K,0
Q,L,K,I,F,0
N,L,L,V,T,0
A,L,I,N,A,0
T,M,D,S,Y,0
Q,V,H,V,Q,0
G,F,H,K,Q,0
Q,G,K,I,L,0
D,I,C,A,Q,0
T,E,L,M,P,0
F,Y,T,G,R,0
G,E,R,L,L,0
Y,H,V,R,A,0
L,A,Y,N,A,0
G,C,A,G,V,0
A,N,P,T,P,0
P,M,P,G,V,0
V,Y,Q,L,A,0
E,K,A,R,S,0
T,S,W,T,G,0
T,F,T,A,I,0
I,I,L,A,T,0
M,I,S,Y,D,0
P,A,L,H,A,0
V,F,F,F,D,0
M,N,Y,V,N,0
F,D,E,V,G,0
T,I,T,M,N,0
S,S,V,N,G,0
V,V,K,C,C,0
R,I,V,S,H,0
G,Y,N,S,F,0
Q,L,V,G,E,0
L,V,D,R,T,0
I,A,N,E,R,0
Q,A,S,V,V,0
S,V,L,Q,L,0
V,V,K,P,V,0
G,T,T,T,A,0
I,V,R,R,L,0
D,F,I,G,P,0
L,S,N,F,T,0
G,K,P,G,A,0
L,P,T,T,I,0
V,D,L,S,S,0
K,D,G,V,Q,0
E,F,R,E,K,0
F,C,Q,F,A,0
T,A,V,A,N,0
F,Q,E,D,E,0
E,C,A,V,L,0
W,F,V,K,C,0
I,Y,S,T,A,0
A,I,T,D,S,0
V,I,A,G,F,0
G,Q,L,S,L,0
Y,K,I,R,M,0
L,L,D,A,W,0
K,I,R,Y,A,0
L,Q,S,I,V,0
S,L,G,W,L,0
V,A,R,T,R,0
S,N,Y,H,E,0
N,R,P,I,G,0
A,F,Y,G,D,0
S,E,N,V,H,0
E,I,A,L,Y,0
L,L,Y,P,P,0
V,S,E,K,S,0
Y,T,G,A,G,0
K,Q,G,L,L,0
I,N,A,V,A,0
F,D,E,N,C,0
D,T,R,R,S,0
T,I,R,L,Q,0
G,M,N,L,Q,0
D,G,W,M,H,0
Y,D,L,R,F,0
D,F,V,Y,E,0
C,N,I,F,A,0
K,V,E,L,K,0
V,S,T,G,R,0
N,F,N,H,E,0
D,L,S,Y,Y,0
S,N,I,P,F,0
C,T,D,S,A,0
E,T,A,S,S,0
L,K,Q,D,N,0
S,K,D,V,P,0
L,F,K,K,L,0
E,D,G,D,K,0
P,G,E,F,T,0
L,A,M,P,V,0
A,Y,Y,M,I,0
K,F,V,I,P,0
H,A,I,V,L,0
Y,D,K,P,V,0
D,G,R,S,Y,0
D,S,V,C,Y,0
D,S,L,F,S,0
L,V,R,V,V,0
S,V,Q,D,L,0
X,W,D,Q,Y,0
Q,P,R,D,L,0
S,K,N,S,T,0
L,F,T,K,A,0
N,L,H,R,E,0
S,V,M,L,T,0
I,V,N,L,A,0
V,I,N,R,L,0
E,H,E,S,M,0
Y,A,I,Q,L,0
S,S,V,K,K,0
K,F,H,L,P,0
V,L,R,W,L,0
E,V,N,T,K,0
A,E,A,E,P,0
F,T,I,R,H,0
Q,F,H,K,H,0
S,Q,V,K,A,0
E,L,S,F,S,0
K,F,K,W,A,0
D,R,G,E,N,0
R,N,L,D,F,0
L,A,N,F,T,0
K,G,E,L,L,0
N,T,S,D,S,0
E,W,A,A,N,0
L,V,N,T,V,0
V,S,T,L,F,0
I,I,L,Y,L,0
Y,E,E,D,A,0
T,Y,F,L,T,0
I,Y,T,T,S,0
I,L,Q,A,N,0
S,F,E,Q,V,0
G,T,N,L,C,0
H,R,G,V,L,0
R,A,A,Q,V,0
N,N,E,G,T,0
I,F,T,T,T,0
D,D,N,T,L,0
K,D,C,K,Q,0
S,A,I,I,V,0
I,L,K,Q,D,0
F,V,S,Y,L,0
L,V,P,E,H,0
S,F,Y,G,D,0
V,K,L,P,G,0
D,V,V,Y,E,0
F,E,G,P,V,0
K,P,G,F,N,0
N,K,E,L,A,0
Q,S,Y,L,Y,0
T,C,F,I,T,0
H,Q,L,L,T,0
F,D,Q,Q,L,0
S,V,V,L,H,0
N,L,Y,K,Y,0
Y,L,H,I,E,0
A,N,K,K,G,0
G,Q,Q,T,T,0
I,E,L,P,P,0
D,D,Y,G,K,0
K,F,E,F,D,0
L,T,Q,G,L,0
D,E,K,N,G,0
P,K,K,P,T,0
W,S,P,G,N,0
A,V,R,V,R,0
E,T,F,N,N,0
L,N,V,A,T,0
M,L,W,G,F,0
T,A,D,E,T,0
I,V,Q,V,L,0
R,T,T,Q,L,0
E,N,S,I,K,0
K,K,L,R,Q,0
T,A,V,P,T,0
A,V,M,K,L,0
E,T,A,K,S,0
K,L,K,K,P,0
N,S,W,A,L,0
D,A,R,D,G,0
D,G,T,L,D,0
Y,Y,P,A,R,0
C,V,M,R,N,0
T,T,S,D,S,0
S,L,S,N,H,0
I,P,T,L,F,0
I,Y,T,G,R,0
E,A,S,V,A,0
K,K,E,S,G,0